Workbook

Sheet 清洗明细
A1: 订单号 | B1: 销售日期 | C1: 区域 | D1: 渠道 | E1: 销售人员 | F1: 产品 | G1: 品类 | H1: 数量 | I1: 单价 | J1: 折扣率 | K1: 状态 | L1: 有效性 | M1: 异常原因 | N1: 净销售额
A2: S001 | B2: 46114 | C2: 华北 | D2: 直营网 | E2: 林晨 | F2: 升降支架 | G2: 办公配件 | H2: 3 | I2: 180 | J2: 0.1 | K2: 已完成 | L2: 有效 | N2: =IF(L2="有效",ROUND(H2*I2*(1-J2),2),0) -> 486
A3: S002 | B3: 46115 | C3: 华东 | D3: 电商 | E3: 陈悦 | F3: 无线鼠标 | G3: 数码配件 | H3: 10 | I3: 120 | J3: 0.05 | K3: 已完成 | L3: 有效 | N3: =IF(L3="有效",ROUND(H3*I3*(1-J3),2),0) -> 1140
A4: S003 | B4: 46117 | C4: 华南 | D4: 渠道 | E4: 周宁 | F4: 商务显示器 | G4: 数码设备 | H4: 2 | I4: 1600 | J4: 0.08 | K4: 已完成 | L4: 有效 | N4: =IF(L4="有效",ROUND(H4*I4*(1-J4),2),0) -> 2944
A5: S004 | B5: 46120 | C5: 西部 | D5: 电商 | E5: 方岚 | F5: 机械键盘 | G5: 数码配件 | H5: 5 | I5: 420 | J5: 0.15 | K5: 已完成 | L5: 有效 | N5: =IF(L5="有效",ROUND(H5*I5*(1-J5),2),0) -> 1785
A6: S005 | B6: 46124 | C6: 华北 | D6: 渠道 | E6: 林晨 | F6: 会议摄像头 | G6: 数码设备 | H6: 4 | I6: 680 | J6: 0.1 | K6: 已完成 | L6: 有效 | N6: =IF(L6="有效",ROUND(H6*I6*(1-J6),2),0) -> 2448
A7: S006 | B7: 46130 | C7: 华东 | D7: 直营网 | E7: 陈悦 | F7: 桌面收纳架 | G7: 办公配件 | H7: 8 | I7: 95 | J7: 0 | K7: 已完成 | L7: 有效 | N7: =IF(L7="有效",ROUND(H7*I7*(1-J7),2),0) -> 760
A8: S007 | B8: 46134 | C8: 华南 | D8: 电商 | E8: 周宁 | F8: 降噪耳机 | G8: 数码设备 | H8: 6 | I8: 850 | J8: 0.12 | K8: 已完成 | L8: 有效 | N8: =IF(L8="有效",ROUND(H8*I8*(1-J8),2),0) -> 4488
A9: S008 | B9: 2026-06-31 | C9: 西部 | D9: 渠道 | E9: 方岚 | F9: 人体工学椅 | G9: 办公配件 | H9: 2 | I9: 2100 | J9: 0.1 | K9: 已完成 | L9: 异常 | M9: 无效日期 | N9: =IF(L9="有效",ROUND(H9*I9*(1-J9),2),0) -> 0
A10: S009 | B10: 46145 | C10: 西部 | D10: 渠道 | E10: 方岚 | F10: 人体工学椅 | G10: 办公配件 | H10: 2 | I10: 2100 | J10: 0.1 | K10: 已完成 | L10: 有效 | N10: =IF(L10="有效",ROUND(H10*I10*(1-J10),2),0) -> 3780
A11: S006 | B11: 46148 | C11: 华东 | D11: 电商 | E11: 陈悦 | F11: 无线鼠标 | G11: 数码配件 | H11: 3 | I11: 120 | J11: 0.05 | K11: 已完成 | L11: 异常 | M11: 重复订单号 | N11: =IF(L11="有效",ROUND(H11*I11*(1-J11),2),0) -> 0
A12: S011 | B12: 46151 | C12: 华北 | D12: 直营网 | F12: 扩展坞 | G12: 数码配件 | H12: 4 | I12: 360 | J12: 0.05 | K12: 已完成 | L12: 异常 | M12: 销售人员缺失 | N12: =IF(L12="有效",ROUND(H12*I12*(1-J12),2),0) -> 0
A13: S012 | B13: 46155 | C13: 华东 | D13: 渠道 | E13: 陈悦 | F13: 扩展坞 | G13: 数码配件 | H13: 7 | I13: 360 | J13: 0.05 | K13: 已完成 | L13: 有效 | N13: =IF(L13="有效",ROUND(H13*I13*(1-J13),2),0) -> 2394
A14: S013 | B14: 46158 | C14: 华南 | D14: 直营网 | E14: 周宁 | F14: 打印机 | G14: 数码设备 | H14: -2 | I14: 1250 | J14: 0 | K14: 已完成 | L14: 异常 | M14: 数量无效 | N14: =IF(L14="有效",ROUND(H14*I14*(1-J14),2),0) -> 0
A15: S014 | B15: 46163 | C15: 华北 | D15: 电商 | E15: 林晨 | F15: 护眼台灯 | G15: 办公配件 | H15: 9 | I15: 210 | J15: 0.1 | K15: 已完成 | L15: 有效 | N15: =IF(L15="有效",ROUND(H15*I15*(1-J15),2),0) -> 1701
A16: S015 | B16: 46167 | C16: 西部 | D16: 直营网 | E16: 方岚 | F16: 机械键盘 | G16: 数码配件 | H16: 2 | I16: 420 | J16: 0.45 | K16: 已完成 | L16: 异常 | M16: 折扣率无效 | N16: =IF(L16="有效",ROUND(H16*I16*(1-J16),2),0) -> 0
A17: S016 | B17: 46175 | C17: 华南 | D17: 渠道 | E17: 周宁 | F17: 打印机 | G17: 数码设备 | H17: 3 | I17: 1250 | J17: 0.05 | K17: 已完成 | L17: 有效 | N17: =IF(L17="有效",ROUND(H17*I17*(1-J17),2),0) -> 3562.5
A18: S017 | B18: 46180 | C18: 华东 | D18: 电商 | E18: 陈悦 | F18: 升降支架 | G18: 办公配件 | H18: 4 | I18: 180 | J18: 0 | K18: 已取消 | L18: 异常 | M18: 状态非已完成 | N18: =IF(L18="有效",ROUND(H18*I18*(1-J18),2),0) -> 0
A19: S018 | B19: 46184 | C19: 西部 | D19: 直营网 | E19: 方岚 | F19: 护眼台灯 | G19: 办公配件 | H19: 12 | I19: 210 | J19: 0.08 | K19: 已完成 | L19: 有效 | N19: =IF(L19="有效",ROUND(H19*I19*(1-J19),2),0) -> 2318.4
A20: S019 | B20: 46190 | C20: 华北 | D20: 渠道 | E20: 林晨 | F20: 会议摄像头 | G20: 数码设备 | H20: 5 | I20: 680 | J20: 0.1 | K20: 已完成 | L20: 有效 | N20: =IF(L20="有效",ROUND(H20*I20*(1-J20),2),0) -> 3060
A21: S020 | B21: 46197 | C21: 华东 | D21: 电商 | E21: 陈悦 | F21: 降噪耳机 | G21: 数码设备 | H21: 4 | I21: 850 | J21: 0.12 | K21: 已完成 | L21: 有效 | N21: =IF(L21="有效",ROUND(H21*I21*(1-J21),2),0) -> 2992

Sheet 区域汇总
A1: 区域 | B1: 有效订单数 | C1: 销售数量 | D1: 净销售额
A2: 华北 | B2: =COUNTIFS('清洗明细'!$C$2:$C$21,A2,'清洗明细'!$L$2:$L$21,"有效") -> 4 | C2: =SUMIFS('清洗明细'!$H$2:$H$21,'清洗明细'!$C$2:$C$21,A2,'清洗明细'!$L$2:$L$21,"有效") -> 21 | D2: =SUMIFS('清洗明细'!$N$2:$N$21,'清洗明细'!$C$2:$C$21,A2,'清洗明细'!$L$2:$L$21,"有效") -> 7695
A3: 华东 | B3: =COUNTIFS('清洗明细'!$C$2:$C$21,A3,'清洗明细'!$L$2:$L$21,"有效") -> 4 | C3: =SUMIFS('清洗明细'!$H$2:$H$21,'清洗明细'!$C$2:$C$21,A3,'清洗明细'!$L$2:$L$21,"有效") -> 29 | D3: =SUMIFS('清洗明细'!$N$2:$N$21,'清洗明细'!$C$2:$C$21,A3,'清洗明细'!$L$2:$L$21,"有效") -> 7286
A4: 华南 | B4: =COUNTIFS('清洗明细'!$C$2:$C$21,A4,'清洗明细'!$L$2:$L$21,"有效") -> 3 | C4: =SUMIFS('清洗明细'!$H$2:$H$21,'清洗明细'!$C$2:$C$21,A4,'清洗明细'!$L$2:$L$21,"有效") -> 11 | D4: =SUMIFS('清洗明细'!$N$2:$N$21,'清洗明细'!$C$2:$C$21,A4,'清洗明细'!$L$2:$L$21,"有效") -> 10994.5
A5: 西部 | B5: =COUNTIFS('清洗明细'!$C$2:$C$21,A5,'清洗明细'!$L$2:$L$21,"有效") -> 3 | C5: =SUMIFS('清洗明细'!$H$2:$H$21,'清洗明细'!$C$2:$C$21,A5,'清洗明细'!$L$2:$L$21,"有效") -> 19 | D5: =SUMIFS('清洗明细'!$N$2:$N$21,'清洗明细'!$C$2:$C$21,A5,'清洗明细'!$L$2:$L$21,"有效") -> 7883.4
A6: 合计 | B6: =SUM(B2:B5) -> 14 | C6: =SUM(C2:C5) -> 80 | D6: =SUM(D2:D5) -> 33858.9

Sheet 品类汇总
A1: 品类 | B1: 有效订单数 | C1: 销售数量 | D1: 净销售额
A2: 办公配件 | B2: =COUNTIFS('清洗明细'!$G$2:$G$21,A2,'清洗明细'!$L$2:$L$21,"有效") -> 5 | C2: =SUMIFS('清洗明细'!$H$2:$H$21,'清洗明细'!$G$2:$G$21,A2,'清洗明细'!$L$2:$L$21,"有效") -> 34 | D2: =SUMIFS('清洗明细'!$N$2:$N$21,'清洗明细'!$G$2:$G$21,A2,'清洗明细'!$L$2:$L$21,"有效") -> 9045.4
A3: 数码配件 | B3: =COUNTIFS('清洗明细'!$G$2:$G$21,A3,'清洗明细'!$L$2:$L$21,"有效") -> 3 | C3: =SUMIFS('清洗明细'!$H$2:$H$21,'清洗明细'!$G$2:$G$21,A3,'清洗明细'!$L$2:$L$21,"有效") -> 22 | D3: =SUMIFS('清洗明细'!$N$2:$N$21,'清洗明细'!$G$2:$G$21,A3,'清洗明细'!$L$2:$L$21,"有效") -> 5319
A4: 数码设备 | B4: =COUNTIFS('清洗明细'!$G$2:$G$21,A4,'清洗明细'!$L$2:$L$21,"有效") -> 6 | C4: =SUMIFS('清洗明细'!$H$2:$H$21,'清洗明细'!$G$2:$G$21,A4,'清洗明细'!$L$2:$L$21,"有效") -> 24 | D4: =SUMIFS('清洗明细'!$N$2:$N$21,'清洗明细'!$G$2:$G$21,A4,'清洗明细'!$L$2:$L$21,"有效") -> 19494.5
A5: 合计 | B5: =SUM(B2:B4) -> 14 | C5: =SUM(C2:C4) -> 80 | D5: =SUM(D2:D4) -> 33858.9

Sheet 异常清单
A1: 源行号 | B1: 订单号 | C1: 异常原因
A2: 9 | B2: S008 | C2: 无效日期
A3: 11 | B3: S006 | C3: 重复订单号
A4: 12 | B4: S011 | C4: 销售人员缺失
A5: 14 | B5: S013 | C5: 数量无效
A6: 16 | B6: S015 | C6: 折扣率无效
A7: 18 | B7: S017 | C7: 状态非已完成

Sheet 仪表盘
A1: 2026 年第二季度销售仪表盘
A2: 指标 | B2: 数值
A3: 有效订单数 | B3: ='区域汇总'!B6 -> 14
A4: 销售数量 | B4: ='区域汇总'!C6 -> 80
A5: 净销售额 | B5: ='区域汇总'!D6 -> 33858.9
